{"cameraMode":{"drawMode":0,"name":"Shaded","section":"Shading Mode"},"sceneLighting":false,"audioPlay":false,"sceneViewState":{"showFog":true,"showMaterialUpdate":false,"showSkybox":false,"showFlares":true,"showImageEffects":true,"showParticleSystems":true},"in2DMode":false,"pivot":{"x":-0.8422558903694153,"y":0.6208127737045288,"z":-8.672876358032227},"rotation":{"x":0.03651706129312515,"y":-0.832577109336853,"z":0.05529450625181198,"w":0.5500007271766663},"size":4.692001819610596,"orthographic":false}