{"cameraMode":{"drawMode":0,"name":"Shaded","section":"Shading Mode"},"sceneLighting":false,"audioPlay":false,"sceneViewState":{"showFog":true,"showMaterialUpdate":false,"showSkybox":true,"showFlares":true,"showImageEffects":true,"showParticleSystems":true},"in2DMode":false,"pivot":{"x":-43.70244598388672,"y":-37.89361572265625,"z":75.32593536376953},"rotation":{"x":0.20311416685581208,"y":-0.2522914409637451,"z":0.05426323413848877,"w":0.9445742964744568},"size":100.11597442626953,"orthographic":false}